login,title,lastname,firstname,gender,email
,,,,,
fosterabigail,mrs,foster,abigail,female,abigail.foster60@example.com
,,,,,
grahamallison,ms,graham,allison,female,allison.graham70@example.com
,,,,,
clarksusan,miss,clark,susan,female,susan.clark11@example.com
,,,,,
howardnicholas,mr,howard,nicholas,male,nicholas.howard84@example.com
,,,,,
fordhannah,mrs,ford,hannah,female,hannah.ford29@example.com
,,,,,
cartergenesis,mrs,carter,genesis,female,genesis.carter42@example.com
,,,,,
fosterkenzi,mrs,foster,kenzi,female,kenzi.foster37@example.com
,,,,,
wrightkatie,miss,wright,katie,female,katie.wright60@example.com
,,,,,
leegavin,mr,lee,gavin,male,gavin.lee41@example.com
,,,,,
rossjane,miss,ross,jane,female,jane.ross42@example.com
,,,,,
forddouglas,mr,ford,douglas,male,douglas.ford43@example.com
,,,,,
riverashannon,mrs,rivera,shannon,female,shannon.rivera95@example.com
,,,,,
watsonkenzi,miss,watson,kenzi,female,kenzi.watson58@example.com
,,,,,
myersisabella,miss,myers,isabella,female,isabella.myers69@example.com
,,,,,
edwardsabigail,mrs,edwards,abigail,female,abigail.edwards34@example.com
,,,,,
coxisaac,mr,cox,isaac,male,isaac.cox28@example.com
,,,,,
jonesallison,ms,jones,allison,female,allison.jones81@example.com
,,,,,
sandersryan,mr,sanders,ryan,male,ryan.sanders19@example.com
,,,,,
martinezmark,mr,martinez,mark,male,mark.martinez26@example.com
,,,,,
kuhnmark,mr,kuhn,mark,male,mark.kuhn95@example.com
,,,,,
grahamadrian,mr,graham,adrian,male,adrian.graham60@example.com
,,,,,
pattersonamanda,miss,patterson,amanda,female,amanda.patterson61@example.com
,,,,,
leeelizabeth,ms,lee,elizabeth,female,elizabeth.lee56@example.com
,,,,,
fordamanda,miss,ford,amanda,female,amanda.ford21@example.com
,,,,,
perrykay,mrs,perry,kay,female,kay.perry15@example.com
,,,,,
millerlandon,mr,miller,landon,male,landon.miller95@example.com
,,,,,
cooksusan,miss,cook,susan,female,susan.cook85@example.com
,,,,,
williamsdylan,mr,williams,dylan,male,dylan.williams12@example.com
,,,,,
mitchellemary,miss,mitchelle,mary,female,mary.mitchelle36@example.com
,,,,,
johnsonstephen,mr,johnson,stephen,male,stephen.johnson97@example.com
,,,,,
washingtonritthy,mr,washington,ritthy,male,ritthy.washington73@example.com
,,,,,
sullivankim,miss,sullivan,kim,female,kim.sullivan91@example.com
,,,,,
scottdaniel,mr,scott,daniel,male,daniel.scott61@example.com
,,,,,
kuhnisabella,mrs,kuhn,isabella,female,isabella.kuhn58@example.com
,,,,,
fordlucas,mr,ford,lucas,male,lucas.ford93@example.com
,,,,,
longpeter,mr,long,peter,male,peter.long69@example.com
,,,,,
youngaubrey,miss,young,aubrey,female,aubrey.young59@example.com
,,,,,
campbellkathy,ms,campbell,kathy,female,kathy.campbell57@example.com
,,,,,
davisnevaeh,ms,davis,nevaeh,female,nevaeh.davis16@example.com
,,,,,
perryanthony,mr,perry,anthony,male,anthony.perry67@example.com
,,,,,
wrightisaac,mr,wright,isaac,male,isaac.wright29@example.com
,,,,,
hallliam,mr,hall,liam,male,liam.hall25@example.com
,,,,,
mitchelleisabella,mrs,mitchelle,isabella,female,isabella.mitchelle88@example.com
,,,,,
gonzaleslevi,mr,gonzales,levi,male,levi.gonzales74@example.com
,,,,,
jacksonsarah,miss,jackson,sarah,female,sarah.jackson65@example.com
,,,,,
perryevan,mr,perry,evan,male,evan.perry69@example.com
,,,,,
grahamharold,mr,graham,harold,male,harold.graham54@example.com
,,,,,
rodriquezgeorge,mr,rodriquez,george,male,george.rodriquez83@example.com
,,,,,
scottcameron,mr,scott,cameron,male,cameron.scott69@example.com
,,,,,
mooremadison,ms,moore,madison,female,madison.moore80@example.com
,,,,,
sandersgabriel,mr,sanders,gabriel,male,gabriel.sanders85@example.com
,,,,,
hendersoncharlotte,mrs,henderson,charlotte,female,charlotte.henderson71@example.com
,,,,,
rosssebastian,mr,ross,sebastian,male,sebastian.ross34@example.com
,,,,,
evansgeorge,mr,evans,george,male,george.evans13@example.com
,,,,,
clarkkim,miss,clark,kim,female,kim.clark24@example.com
,,,,,
nelsonkristin,miss,nelson,kristin,female,kristin.nelson69@example.com
,,,,,
turnerrebecca,miss,turner,rebecca,female,rebecca.turner94@example.com
,,,,,
kellyleah,mrs,kelly,leah,female,leah.kelly61@example.com
,,,,,
harristhomas,mr,harris,thomas,male,thomas.harris13@example.com
,,,,,
fordwalter,mr,ford,walter,male,walter.ford33@example.com
,,,,,
parkeravery,miss,parker,avery,female,avery.parker73@example.com
,,,,,
coxsandra,mrs,cox,sandra,female,sandra.cox68@example.com
,,,,,
leewilliam,mr,lee,william,male,william.lee91@example.com
,,,,,
fosterjune,mrs,foster,june,female,june.foster74@example.com
,,,,,
lewishunter,mr,lewis,hunter,male,hunter.lewis54@example.com
,,,,,
howardronald,mr,howard,ronald,male,ronald.howard98@example.com
,,,,,
evanspeter,mr,evans,peter,male,peter.evans17@example.com
,,,,,
scottlandon,mr,scott,landon,male,landon.scott35@example.com
,,,,,
wardlinda,ms,ward,linda,female,linda.ward84@example.com
,,,,,
thompsonaiden,mr,thompson,aiden,male,aiden.thompson91@example.com
,,,,,
cookscarlett,miss,cook,scarlett,female,scarlett.cook25@example.com
,,,,,
greenarthur,mr,green,arthur,male,arthur.green67@example.com
,,,,,
graypeyton,miss,gray,peyton,female,peyton.gray70@example.com
,,,,,
clarkkaylee,ms,clark,kaylee,female,kaylee.clark12@example.com
,,,,,
grayava,ms,gray,ava,female,ava.gray70@example.com
,,,,,
colemanlandon,mr,coleman,landon,male,landon.coleman20@example.com
,,,,,
pattersonjennifer,ms,patterson,jennifer,female,jennifer.patterson70@example.com
,,,,,
jenkinsmason,mr,jenkins,mason,male,mason.jenkins96@example.com
,,,,,
mooreserenity,miss,moore,serenity,female,serenity.moore43@example.com
,,,,,
diazjordan,mr,diaz,jordan,male,jordan.diaz41@example.com
,,,,,
hamiltonjayden,mr,hamilton,jayden,male,jayden.hamilton45@example.com
,,,,,
kuhnalbert,mr,kuhn,albert,male,albert.kuhn43@example.com
,,,,,
myersashley,ms,myers,ashley,female,ashley.myers44@example.com
,,,,,
kuhnaiden,mr,kuhn,aiden,male,aiden.kuhn80@example.com
,,,,,
jonescandice,mrs,jones,candice,female,candice.jones60@example.com
,,,,,
griffindylan,mr,griffin,dylan,male,dylan.griffin22@example.com
,,,,,
allenjessica,ms,allen,jessica,female,jessica.allen64@example.com
,,,,,
evansbrooklyn,mrs,evans,brooklyn,female,brooklyn.evans37@example.com
,,,,,
johnsonjack,mr,johnson,jack,male,jack.johnson47@example.com
,,,,,
riveralevi,mr,rivera,levi,male,levi.rivera63@example.com
,,,,,
alexanderchloe,miss,alexander,chloe,female,chloe.alexander85@example.com
,,,,,
thomasbrooklyn,miss,thomas,brooklyn,female,brooklyn.thomas12@example.com
,,,,,
parkernoah,mr,parker,noah,male,noah.parker98@example.com
,,,,,
scottgrace,mrs,scott,grace,female,grace.scott91@example.com
,,,,,
reedcarl,mr,reed,carl,male,carl.reed98@example.com
,,,,,
gonzalesthomas,mr,gonzales,thomas,male,thomas.gonzales30@example.com
,,,,,
thompsonsophie,miss,thompson,sophie,female,sophie.thompson36@example.com
,,,,,
myersjessica,miss,myers,jessica,female,jessica.myers84@example.com
,,,,,
thomasaddison,miss,thomas,addison,female,addison.thomas52@example.com
,,,,,
hamiltonharold,mr,hamilton,harold,male,harold.hamilton82@example.com
